- K N A L L N S V A H D L R S P V A K A G - -,- A C D E F G H I K L M N P Q R S T V W Y
A K S A F L A A M S H E I R T P L Y G I L G T,- A C D E F G H I K L M N P Q R S T V W Y
A L G E L S A G L A H E L N Q P L T A V L A N,- A C D E F G H I K L M N P Q R S T V W Y
- Q K N F V R Y I S H E F K T P L T T I L G N,- A C D E F G H I K L M N P Q R S T V W Y
- K N A L L N S V A H D L R S P V A K A G - -,- A C D E F G H I K L M N P Q R S T V W Y
A K S A F L A A M S H E I R T P L Y G I L G T,- A C D E F G H I K L M N P Q R S T V W Y
A L G E L S A G L A H E L N Q P L T A V L A N,- A C D E F G H I K L M N P Q R S T V W Y
- Q K N F V R Y I S H E F K T P L T T I L G N,- A C D E F G H I K L M N P Q R S T V W Y
- K N A L L N S V A H D L R S P V A K A G - -,- A C D E F G H I K L M N P Q R S T V W Y
A K S A F L A A M S H E I R T P L Y G I L G T,- A C D E F G H I K L M N P Q R S T V W Y
A L G E L S A G L A H E L N Q P L T A V L A N,- A C D E F G H I K L M N P Q R S T V W Y
- Q K N F V R Y I S H E F K T P L T T I L G N,- A C D E F G H I K L M N P Q R S T V W Y
- K N A L L N S V A H D L R S P V A K A G - -,- A C D E F G H I K L M N P Q R S T V W Y
A K S A F L A A M S H E I R T P L Y G I L G T,- A C D E F G H I K L M N P Q R S T V W Y
A L G E L S A G L A H E L N Q P L T A V L A N,- A C D E F G H I K L M N P Q R S T V W Y
- Q K N F V R Y I S H E F K T P L T T I L G N,- A C D E F G H I K L M N P Q R S T V W Y
- K N A L L N S V A H D L R S P V A K A G - -,- A C D E F G H I K L M N P Q R S T V W Y
A K S A F L A A M S H E I R T P L Y G I L G T,- A C D E F G H I K L M N P Q R S T V W Y
A L G E L S A G L A H E L N Q P L T A V L A N,- A C D E F G H I K L M N P Q R S T V W Y
- Q K N F V R Y I S H E F K T P L T T I L G N,- A C D E F G H I K L M N P Q R S T V W Y
- K N A L L N S V A H D L R S P V A K A G - -,- A C D E F G H I K L M N P Q R S T V W Y
A K S A F L A A M S H E I R T P L Y G I L G T,- A C D E F G H I K L M N P Q R S T V W Y
A L G E L S A G L A H E L N Q P L T A V L A N,- A C D E F G H I K L M N P Q R S T V W Y
- Q K N F V R Y I S H E F K T P L T T I L G N,- A C D E F G H I K L M N P Q R S T V W Y
- K N A L L N S V A H D L R S P V A K A G - -,- A C D E F G H I K L M N P Q R S T V W Y
A K S A F L A A M S H E I R T P L Y G I L G T,- A C D E F G H I K L M N P Q R S T V W Y
A L G E L S A G L A H E L N Q P L T A V L A N,- A C D E F G H I K L M N P Q R S T V W Y
- Q K N F V R Y I S H E F K T P L T T I L G N,- A C D E F G H I K L M N P Q R S T V W Y
- K N A L L N S V A H D L R S P V A K A G - -,- A C D E F G H I K L M N P Q R S T V W Y
A K S A F L A A M S H E I R T P L Y G I L G T,- A C D E F G H I K L M N P Q R S T V W Y
A L G E L S A G L A H E L N Q P L T A V L A N,- A C D E F G H I K L M N P Q R S T V W Y
- Q K N F V R Y I S H E F K T P L T T I L G N,- A C D E F G H I K L M N P Q R S T V W Y